city_id,City,Lat,Lng,Max Temp,Humidity,Cloudiness,Wind Speed,Country,Date
0,sechura,-5.56,-80.82,76.5,51,5,14.81,PE,1604513135
1,kapaa,22.08,-159.32,78.8,88,40,9.17,US,1604513135
2,souillac,-20.52,57.52,73.4,73,75,10.29,MU,1604513135
3,barrow,71.29,-156.79,26.6,58,20,26.4,US,1604512892
4,wolfhagen,51.33,9.17,42.8,81,20,6.93,DE,1604512945
5,dikson,73.51,80.55,1.58,91,0,8.32,RU,1604513135
6,bilma,18.69,12.92,76.77,19,48,7.14,NE,1604513135
7,faanui,-16.48,-151.75,79.16,80,100,15.37,PF,1604513135
8,waverly,42.74,-84.62,70.0,45,1,16.11,US,1604512839
9,narsaq,60.92,-46.05,30.2,86,75,3.36,GL,1604513136
10,kodiak,57.79,-152.41,26.6,49,1,6.93,US,1604513136
11,cidreira,-30.18,-50.21,64.92,52,30,11.83,BR,1604513136
12,kibre mengist,5.88,38.98,59.41,88,19,1.19,ET,1604513136
13,bambous virieux,-20.34,57.76,73.4,73,75,10.29,MU,1604513136
14,coquimbo,-29.95,-71.34,60.8,67,75,10.29,CL,1604513136
15,jamestown,42.1,-79.24,61.0,41,1,13.87,US,1604512961
16,lukhovitsy,54.97,39.04,46.0,92,95,1.99,RU,1604513136
17,villanueva de cordoba,38.32,-4.63,62.6,77,40,8.05,ES,1604513136
18,berlevag,70.86,29.09,35.6,86,40,29.97,NO,1604513136
19,bemidji,47.47,-94.88,69.8,42,1,5.82,US,1604512912
20,port alfred,-33.59,26.89,68.7,82,88,10.13,ZA,1604513137
21,punta arenas,-53.15,-70.92,44.6,87,90,4.7,CL,1604513137
22,rikitea,-23.12,-134.97,73.44,77,12,16.08,PF,1604513137
23,hithadhoo,-0.6,73.08,83.59,71,23,5.08,MV,1604513137
24,beloha,-25.17,45.05,68.86,89,51,2.15,MG,1604513137
25,jackson,42.42,-122.83,51.8,50,1,3.36,US,1604512849
26,hermanus,-34.42,19.23,68.0,80,27,8.01,ZA,1604513137
27,kilinochchi,9.4,80.4,79.88,82,50,4.41,LK,1604513137
28,fairbanks,64.84,-147.72,-27.4,66,1,1.34,US,1604513102
29,pangnirtung,66.15,-65.71,10.4,55,40,10.29,CA,1604513137
30,kuopio,62.89,27.68,41.0,93,75,6.93,FI,1604513138
31,sinazongwe,-17.26,27.46,82.11,57,38,7.52,ZM,1604512846
32,castro,-24.79,-50.01,66.63,64,68,7.78,BR,1604513138
33,aklavik,68.22,-135.01,5.0,84,90,8.05,CA,1604513043
34,tuktoyaktuk,69.45,-133.04,12.2,85,90,13.87,CA,1604513138
35,alofi,-19.06,-169.92,73.4,88,6,11.41,NU,1604513138
36,pafos,34.77,32.42,69.8,46,40,11.41,CY,1604513138
37,camacha,33.08,-16.33,62.6,77,75,19.46,PT,1604513138
38,qaanaaq,77.48,-69.36,-1.5,86,96,1.34,GL,1604513139
39,dingle,11.0,122.67,75.97,89,99,2.84,PH,1604513139
40,la ronge,55.1,-105.28,41.0,80,100,3.36,CA,1604513139
41,acapulco,16.86,-99.89,89.6,35,5,4.21,MX,1604512894
42,luderitz,-26.65,15.16,62.11,89,10,13.49,NA,1604513139
43,praia,14.92,-23.51,82.4,69,75,5.82,CV,1604513139
44,saravena,6.95,-71.88,81.23,83,70,3.27,CO,1604513139
45,inhambane,-23.86,35.38,77.0,88,40,13.87,MZ,1604513140
46,provideniya,64.38,-173.3,28.18,98,100,10.09,RU,1604513140
47,bengkulu,-3.8,102.27,75.6,88,98,4.88,ID,1604513140
48,lamar,33.67,-95.58,72.0,40,1,13.87,US,1604513141
49,hilo,19.73,-155.09,75.2,88,90,8.05,US,1604513141
50,sinnamary,5.38,-52.95,84.7,68,95,11.5,GF,1604513141
51,maragogi,-9.01,-35.22,82.58,65,73,12.68,BR,1604512888
52,mar del plata,-38.0,-57.56,71.6,43,0,19.46,AR,1604513075
53,grass valley,39.22,-121.06,72.0,14,1,3.36,US,1604513142
54,brae,60.4,-1.35,50.0,87,75,31.09,GB,1604513142
55,cabo san lucas,22.89,-109.91,88.0,66,20,4.7,MX,1604513143
56,malakal,9.53,31.66,83.57,48,54,2.57,SS,1604513143
57,tabou,4.42,-7.35,79.92,84,46,5.97,CI,1604513143
58,east london,-33.02,27.91,69.8,83,75,5.82,ZA,1604513143
59,ushuaia,-54.8,-68.3,60.8,41,0,5.82,AR,1604512945
60,ribeira grande,38.52,-28.7,62.6,63,40,11.41,PT,1604513144
61,chuy,-33.7,-53.46,64.87,54,19,13.04,UY,1604513144
62,moundou,8.57,16.08,83.39,40,31,3.0,TD,1604513144
63,tasiilaq,65.61,-37.64,28.4,92,20,14.99,GL,1604513144
64,chateaubelair,13.28,-61.25,86.0,66,20,5.82,VC,1604513144
65,kruisfontein,-34.0,24.73,69.01,82,93,4.0,ZA,1604513144
66,saint-philippe,-21.36,55.77,73.4,60,75,12.75,RE,1604513144
67,bredasdorp,-34.53,20.04,68.0,77,39,12.75,ZA,1604513144
68,trelew,-43.25,-65.31,81.84,22,22,23.29,AR,1604513144
69,kastamonu,41.5,33.67,44.89,84,97,4.52,TR,1604513144
70,puerto ayora,-0.74,-90.35,77.0,73,75,21.92,EC,1604513145
71,guarapari,-20.67,-40.5,73.4,78,75,5.82,BR,1604513145
72,coswig,51.13,13.58,46.99,75,0,3.36,DE,1604513120
73,busselton,-33.65,115.33,53.01,74,91,1.99,AU,1604513145
74,valdivia,-39.81,-73.25,59.0,62,75,10.29,CL,1604512923
75,arraial do cabo,-22.97,-42.03,77.0,69,75,8.05,BR,1604513145
76,gubkinskiy,64.43,76.5,23.99,98,100,7.52,RU,1604513145
77,encruzilhada do sul,-30.54,-52.52,64.18,54,0,12.12,BR,1604513145
78,saint-francois,46.42,3.91,48.2,76,90,4.7,FR,1604513145
79,sainte-maxime,43.3,6.63,62.6,77,22,2.24,FR,1604513146
80,mataura,-46.19,168.86,55.0,96,13,3.33,NZ,1604513146
81,boende,-0.22,20.87,75.87,87,100,1.14,CD,1604513146
82,kozelsk,54.04,35.77,46.4,87,90,6.71,RU,1604513146
83,bethel,41.37,-73.41,61.0,44,1,11.41,US,1604513000
84,vaini,-21.2,-175.2,73.4,83,40,11.41,TO,1604513146
85,kabalo,-6.05,26.92,74.28,82,98,2.68,CD,1604513146
86,jacareacanga,-6.22,-57.75,87.8,74,40,5.82,BR,1604513146
87,cockburn town,21.46,-71.14,84.2,70,75,13.87,TC,1604513146
88,hamilton,39.18,-84.53,68.0,39,1,12.75,US,1604513147
89,half moon bay,37.46,-122.43,68.0,93,90,8.05,US,1604513147
90,aguimes,27.91,-15.45,70.0,93,40,17.22,ES,1604513147
91,uray,60.12,64.78,34.92,88,64,13.29,RU,1604513147
92,ponta do sol,32.67,-17.1,64.4,68,40,16.11,PT,1604513147
93,tevriz,57.51,72.4,34.02,89,15,10.67,RU,1604513147
94,omaruru,-21.43,15.93,70.11,24,0,9.37,NA,1604513148
95,bosanski brod,45.14,17.99,55.99,100,90,3.36,BA,1604513148
96,ndele,8.41,20.65,78.33,53,70,3.13,CF,1604513148
97,yellowknife,62.46,-114.35,0.0,76,75,9.17,CA,1604513148
98,rosamorada,22.12,-105.21,91.22,31,12,1.39,MX,1604513148
99,vestmannaeyjar,63.44,-20.27,46.4,87,90,23.04,IS,1604513148
100,kudahuvadhoo,2.67,72.89,83.1,70,57,3.11,MV,1604513148
101,port elizabeth,-33.92,25.57,68.0,82,0,6.93,ZA,1604513148
102,georgetown,5.41,100.34,80.6,88,40,4.7,MY,1604512959
103,caravelas,-17.71,-39.25,72.63,83,100,6.11,BR,1604513148
104,haines junction,60.75,-137.51,-20.2,68,100,1.12,CA,1604513148
105,malmyzh,56.52,50.68,33.91,92,2,3.02,RU,1604513149
106,sabancuy,18.97,-91.18,79.59,73,100,14.14,MX,1604513149
107,kousseri,12.08,15.03,89.6,22,25,6.93,CM,1604513149
108,sterlibashevo,53.44,55.26,42.6,71,85,5.03,RU,1604513149
109,avera,33.19,-82.53,69.8,22,1,9.17,US,1604513149
110,longyearbyen,78.22,15.64,32.0,94,75,18.34,SJ,1604512897
111,upernavik,72.79,-56.15,17.96,95,100,8.66,GL,1604513149
112,atuona,-9.8,-139.03,78.85,79,24,20.89,PF,1604513149
113,tallahassee,30.44,-84.28,75.0,30,20,6.93,US,1604513123
114,mayo,38.89,-76.51,68.0,67,1,10.29,US,1604513149
115,avarua,-21.21,-159.78,71.6,88,100,11.41,CK,1604513149
116,coihaique,-45.58,-72.07,55.4,58,75,5.82,CL,1604513149
117,bud,39.45,-86.18,69.01,40,1,10.29,US,1604513149
118,kasongo-lunda,-6.47,16.82,73.94,91,89,1.68,CD,1604513150
119,nouadhibou,20.93,-17.03,71.6,73,7,20.8,MR,1604513150
120,cape town,-33.93,18.42,71.6,64,20,20.8,ZA,1604513022
121,rapar,23.57,70.63,78.17,47,0,2.86,IN,1604513150
122,santa vitoria do palmar,-33.52,-53.37,64.92,54,9,12.64,BR,1604513150
123,morondava,-20.28,44.28,78.91,80,0,16.73,MG,1604513150
124,nantucket,41.28,-70.1,48.2,61,1,10.29,US,1604513072
125,pozo colorado,-23.49,-58.8,95.11,16,0,6.53,PY,1604513150
126,pachino,36.72,15.09,64.0,82,69,1.01,IT,1604513151
127,lagoa,39.05,-27.98,60.48,69,53,18.68,PT,1604513151
128,elat,29.56,34.95,78.8,47,0,6.93,IL,1604513138
129,paamiut,61.99,-49.67,31.82,91,97,18.3,GL,1604513151
130,qarchi gak,37.04,66.79,62.6,16,5,6.93,AF,1604513151
131,saint george,37.1,-113.58,57.2,20,1,2.1,US,1604513120
132,clyde river,70.47,-68.59,3.2,59,75,13.87,CA,1604513151
133,port-gentil,-0.72,8.78,77.0,83,20,3.36,GA,1604513151
134,lebu,-37.62,-73.65,55.49,62,9,11.14,CL,1604513151
135,rocha,-34.48,-54.33,66.76,54,18,12.15,UY,1604513151
136,klaksvik,62.23,-6.59,50.0,100,98,24.16,FO,1604513151
137,boysun,38.21,67.2,47.08,42,0,2.28,UZ,1604513151
138,thompson,55.74,-97.86,24.8,100,90,2.24,CA,1604513152
139,taoudenni,22.68,-3.98,82.44,15,0,4.45,ML,1604513152
140,thunder bay,48.4,-89.32,50.0,66,20,3.85,CA,1604512875
141,ashqelon,31.67,34.57,71.6,68,40,10.29,IL,1604513152
142,acarau,-2.89,-40.12,85.66,63,85,15.48,BR,1604513152
143,sao joao da barra,-21.64,-41.05,78.8,57,75,9.17,BR,1604513152
144,nicosia,35.17,33.37,62.01,93,75,5.82,CY,1604513084
145,huron,41.15,-82.55,66.99,37,1,17.22,US,1604513152
146,llano de piedra,7.67,-80.57,82.2,72,94,11.92,PA,1604513152
147,codrington,-38.27,141.97,49.05,73,43,13.06,AU,1604513152
148,sindor,62.86,51.89,39.27,93,85,8.59,RU,1604513152
149,pampierstad,-27.78,24.69,70.92,56,77,15.9,ZA,1604513152
150,salamiyah,35.01,37.05,62.55,69,100,12.06,SY,1604513152
151,sao filipe,14.9,-24.5,77.61,79,72,6.6,CV,1604513153
152,rayachoti,14.05,78.75,74.08,86,70,2.64,IN,1604513153
153,santa maria,-29.68,-53.81,73.4,33,20,16.11,BR,1604512867
154,saint anthony,45.02,-93.22,66.0,38,1,8.05,US,1604513153
155,prince rupert,54.32,-130.32,44.6,86,75,5.82,CA,1604513153
156,iqaluit,63.75,-68.51,10.4,72,75,11.41,CA,1604513153
157,olafsvik,64.89,-23.71,44.4,70,97,38.54,IS,1604513153
158,nizwa,22.93,57.53,65.46,26,0,2.91,OM,1604513153
159,tower,51.92,-8.6,46.0,75,40,4.7,IE,1604513153
160,tessalit,20.2,1.01,82.0,16,56,6.64,ML,1604513153
161,sadri,25.18,73.43,70.56,27,0,5.57,IN,1604513153
162,rio gallegos,-51.62,-69.22,44.6,93,90,8.05,AR,1604513153
163,shadegan,30.65,48.66,73.4,49,0,2.62,IR,1604513153
164,anapolis,-16.33,-48.95,78.8,50,75,4.7,BR,1604513154
165,teguldet,57.31,88.17,28.22,97,100,17.83,RU,1604513154
166,aksarka,66.56,67.8,28.6,99,100,4.07,RU,1604513154
167,axim,4.87,-2.24,80.56,79,94,5.53,GH,1604513154
168,stephanskirchen,47.86,12.15,48.0,90,100,1.99,DE,1604513154
169,norman wells,65.28,-126.83,-5.8,83,75,2.24,CA,1604513154
170,salalah,17.02,54.09,77.0,65,0,5.82,OM,1604513154
171,seybaplaya,19.65,-90.67,78.8,83,90,11.41,MX,1604513154
172,kenai,60.55,-151.26,-0.4,77,1,8.66,US,1604513154
173,skjervoy,70.03,20.97,42.8,60,20,12.75,NO,1604513154
174,havre-saint-pierre,50.23,-63.6,28.4,63,1,17.22,CA,1604513154
175,ostrovnoy,68.05,39.51,36.05,84,44,22.48,RU,1604513154
176,ketchikan,55.34,-131.65,41.0,80,20,4.7,US,1604513154
177,vardo,70.37,31.11,37.4,77,75,35.57,NO,1604513155
178,veriora,58.01,27.36,45.0,93,85,12.75,EE,1604513155
179,kuznechikha,57.22,42.33,44.02,89,100,5.97,RU,1604513155
180,mponela,-13.53,33.74,72.32,45,5,5.06,MW,1604513155
181,antananarivo,-18.91,47.54,66.2,68,20,6.93,MG,1604513155
182,lazaro cardenas,17.96,-102.2,87.96,46,89,0.34,MX,1604513155
183,nanortalik,60.14,-45.24,33.06,89,100,4.65,GL,1604513155
184,kingston,18.0,-76.79,78.8,88,75,20.8,JM,1604513082
185,villa union,23.2,-106.23,82.0,57,75,3.78,MX,1604513155
186,sioux lookout,50.1,-91.92,46.4,70,20,6.93,CA,1604513014
187,hofn,64.25,-15.21,51.8,50,20,19.46,IS,1604513155
188,gravdal,68.12,13.5,42.8,81,75,8.05,NO,1604513155
189,kushmurun,52.45,64.63,35.8,85,0,11.97,KZ,1604513156
190,grindavik,63.84,-22.43,44.6,81,75,27.51,IS,1604513156
191,torbay,47.67,-52.73,30.0,68,75,26.4,CA,1604512998
192,margate,51.38,1.39,51.01,66,0,7.31,GB,1604513156
193,marawi,8.0,124.29,75.99,89,99,5.01,PH,1604513156
194,atarra,25.28,80.57,67.84,26,0,4.29,IN,1604513156
195,victoria,22.29,114.16,72.0,77,2,4.0,HK,1604513156
196,bathsheba,13.22,-59.52,87.8,62,40,19.46,BB,1604513156
197,chipinge,-20.19,32.62,65.28,95,100,4.16,ZW,1604513156
198,masvingo,-20.06,30.83,70.72,67,48,6.85,ZW,1604513156
199,ventersburg,-28.09,27.14,69.55,51,31,10.85,ZA,1604513156
200,rawson,-43.3,-65.1,75.63,32,38,24.76,AR,1604513157
201,sitka,57.05,-135.33,35.6,93,90,5.82,US,1604513043
202,shahrud,36.42,54.98,57.13,36,1,2.53,IR,1604513157
203,salantai,56.07,21.57,51.8,66,75,11.41,LT,1604513157
204,eyl,7.98,49.82,78.6,72,62,15.64,SO,1604513157
205,roald,62.58,6.13,46.4,81,75,24.16,NO,1604513157
206,los llanos de aridane,28.66,-17.92,64.4,93,75,9.17,ES,1604513157
207,burns lake,54.23,-125.75,30.2,92,100,1.12,CA,1604513157
208,inirida,3.87,-67.92,75.27,92,100,5.95,CO,1604513157
209,sabha,27.04,14.43,69.69,32,59,8.68,LY,1604513157
210,frontera,26.93,-101.45,77.0,52,5,3.98,MX,1604513157
211,porto novo,6.5,2.6,84.2,79,20,10.29,BJ,1604513158
212,itaguai,-22.85,-43.78,75.2,69,75,11.41,BR,1604513158
213,mahebourg,-20.41,57.7,73.4,73,75,10.29,MU,1604513158
214,pisco,-13.7,-76.22,66.2,77,75,11.41,PE,1604513158
215,boca do acre,-8.75,-67.4,98.53,34,56,4.29,BR,1604513158
216,kavaratti,10.57,72.64,83.07,74,76,6.69,IN,1604513159
217,plettenberg bay,-34.05,23.37,66.24,80,100,12.91,ZA,1604513159
218,kekri,25.97,75.15,67.17,25,0,4.16,IN,1604513159
219,sakakah,29.97,40.21,71.6,43,0,11.41,SA,1604513159
220,hambantota,6.12,81.12,79.79,83,74,5.26,LK,1604513159
221,opuwo,-18.06,13.84,76.57,19,0,13.02,NA,1604513159
222,rudnichnyy,59.62,52.47,35.78,97,100,6.17,RU,1604513159
223,bandarbeyla,9.49,50.81,76.68,74,1,16.37,SO,1604513159
224,santa rosalia,27.32,-112.28,85.44,35,0,6.51,MX,1604513159
225,san cristobal,7.77,-72.22,89.6,49,40,10.29,VE,1604513055
226,avila,40.58,-5.0,43.0,95,99,3.0,ES,1604513160
227,kuryk,43.2,51.65,67.05,24,100,20.76,KZ,1604513160
228,davidson,36.15,-86.78,69.01,34,1,6.93,US,1604513130
229,geraldton,-28.77,114.6,59.0,93,0,6.93,AU,1604513161
230,naroda,23.08,72.67,69.8,64,0,5.77,IN,1604513161
231,abu dhabi,24.47,54.37,82.4,54,0,5.82,AE,1604513150
232,belyy yar,53.6,91.39,30.2,58,40,15.66,RU,1604512871
233,ust-tsilma,65.44,52.15,38.14,84,93,6.8,RU,1604513162
234,mwene-ditu,-7.0,23.45,70.54,91,83,3.33,CD,1604513163
235,antalaha,-14.9,50.28,71.28,79,85,7.74,MG,1604513163
236,faya,18.39,42.45,64.4,82,20,6.93,SA,1604513163
237,cedar lake,41.36,-87.44,69.01,42,1,16.11,US,1604513164
238,krasnoselkup,65.7,82.47,7.45,95,82,9.93,RU,1604513164
239,sorland,67.67,12.69,42.8,87,75,23.04,NO,1604513164
240,mattru,7.62,-11.83,77.79,92,65,2.75,SL,1604513164
241,lavrentiya,65.58,-171.0,22.3,91,99,6.8,RU,1604513164
242,touros,-5.2,-35.46,87.8,55,40,13.87,BR,1604513164
243,sao paulo de olivenca,-3.38,-68.87,97.45,40,83,3.22,BR,1604512978
244,vila velha,-20.33,-40.29,73.4,78,75,5.82,BR,1604513165
245,celestun,20.87,-90.4,78.37,79,100,17.52,MX,1604513165
246,alanya,36.54,32.0,59.0,67,20,6.93,TR,1604513165
247,puerto cabezas,14.04,-83.39,79.9,87,100,14.85,NI,1604513165
248,hannibal,39.71,-91.36,72.0,24,1,11.41,US,1604513090
249,san luis,-33.3,-66.34,87.62,18,84,21.36,AR,1604512872
250,tingo maria,-9.29,-76.01,87.8,52,20,4.7,PE,1604513165
251,saint-pierre,-21.34,55.48,73.4,60,75,12.75,RE,1604513165
252,epitalion,37.63,21.5,64.4,93,20,2.21,GR,1604513165
253,masuguru,-11.37,38.42,84.92,44,6,10.87,TZ,1604513165
254,lompoc,34.64,-120.46,60.8,76,1,7.7,US,1604513166
255,pacific grove,36.62,-121.92,64.0,87,40,4.7,US,1604512876
256,manzanillo,20.34,-77.12,76.44,89,100,4.07,CU,1604513166
257,ihosy,-22.4,46.12,71.76,68,62,8.12,MG,1604513166
258,energeticheskiy,43.43,77.02,32.0,66,40,4.47,KZ,1604513166
259,ormara,25.21,64.64,77.31,78,0,16.69,PK,1604513166
260,grand gaube,-20.01,57.66,73.0,70,2,5.99,MU,1604513166
261,alindao,5.03,21.21,74.07,88,89,3.27,CF,1604513166
262,goksun,38.02,36.5,59.0,77,75,14.99,TR,1604513166
263,ovalle,-30.6,-71.2,73.9,41,96,12.24,CL,1604513166
264,san patricio,28.02,-97.52,81.0,47,40,8.05,US,1604513166
265,sant feliu de guixols,41.78,3.03,55.99,55,44,11.83,ES,1604513121
266,colares,38.8,-9.45,55.99,62,20,11.41,PT,1604513167
267,druzhba,52.04,33.95,44.56,86,0,3.94,UA,1604513167
268,nome,64.5,-165.41,8.6,71,1,3.36,US,1604513167
269,greensboro,36.07,-79.79,68.0,34,20,5.82,US,1604512975
270,canutama,-6.53,-64.38,95.14,43,73,1.81,BR,1604513167
271,izberbash,42.57,47.86,55.4,71,75,6.71,RU,1604513167
272,aksu,41.12,80.26,39.67,59,17,0.43,CN,1604513167
273,atar,20.52,-13.05,93.02,11,1,7.76,MR,1604513167
274,kamuli,0.95,33.12,67.77,91,43,3.0,UG,1604513168
275,kaduqli,11.02,29.72,84.43,32,29,5.75,SD,1604513168
276,necochea,-38.55,-58.74,70.99,50,79,22.41,AR,1604512875
277,dharangaon,21.02,75.27,75.81,37,0,5.99,IN,1604513168
278,inuvik,68.35,-133.72,5.0,84,51,3.36,CA,1604512935
279,varnavino,57.4,45.09,41.04,95,95,5.66,RU,1604513168
280,miramar,25.99,-80.23,82.4,61,90,20.8,US,1604513168
281,skelleftea,64.75,20.95,41.0,86,0,8.05,SE,1604513168
282,amapa,1.0,-52.0,93.49,45,93,4.99,BR,1604513168
283,tupaciguara,-18.59,-48.7,84.2,20,40,17.22,BR,1604513169
284,rogovatoye,51.23,38.38,46.99,91,12,2.26,RU,1604513169
285,bushenyi,-0.59,30.21,61.86,88,66,1.77,UG,1604513169
286,guerrero negro,27.98,-114.06,80.49,39,0,8.88,MX,1604513135
287,norfolk,42.17,-71.25,55.0,40,1,8.05,US,1604513003
288,coahuayana,18.73,-103.68,82.4,48,20,8.05,MX,1604513169
289,venice,27.1,-82.45,82.4,51,40,16.11,US,1604513103
290,san jeronimo,-11.95,-75.28,61.93,44,49,5.3,PE,1604513169
291,usolye,59.43,56.68,33.01,100,100,1.01,RU,1604513169
292,pontes e lacerda,-15.23,-59.34,100.58,14,15,8.32,BR,1604513169
293,oshnaviyeh,37.04,45.1,51.8,93,40,2.24,IR,1604513006
294,ilulissat,69.22,-51.1,28.4,68,75,17.22,GL,1604513166
295,zmeinogorsk,51.16,82.19,24.6,93,100,12.86,RU,1604513170
296,gat,31.61,34.76,68.0,21,8,1.99,IL,1604513170
297,ucluelet,48.93,-125.55,54.0,100,90,14.99,CA,1604512914
298,altar,30.7,-111.82,84.99,35,98,1.01,MX,1604513170
299,pitimbu,-7.47,-34.81,86.0,62,40,12.75,BR,1604513170
300,paldiski,59.36,24.05,46.0,93,75,11.41,EE,1604513101
301,vetluga,57.86,45.78,40.71,95,100,5.55,RU,1604513170
302,cururupu,-1.83,-44.87,88.14,57,93,8.41,BR,1604513170
303,ippy,6.27,21.22,74.68,75,14,3.36,CF,1604513171
304,puerto baquerizo moreno,-0.9,-89.6,75.2,73,75,10.29,EC,1604513171
305,moratuwa,6.77,79.88,75.2,94,20,4.43,LK,1604513171
306,morgan city,29.7,-91.21,75.99,49,1,4.68,US,1604512909
307,ancud,-41.87,-73.82,55.99,87,75,19.46,CL,1604513171
308,harper,4.38,-7.72,79.92,85,69,7.4,LR,1604513171
309,novo aripuana,-5.12,-60.38,92.17,46,92,4.52,BR,1604513171
310,spas-demensk,54.41,34.02,41.0,94,40,6.02,RU,1604512919
311,stranraer,54.9,-5.03,48.2,76,78,5.82,GB,1604513171
312,tiznit,29.58,-9.5,64.44,62,100,5.48,MA,1604513171
313,ilo,-17.64,-71.34,71.6,68,0,12.75,PE,1604513172
314,kahului,20.89,-156.47,78.01,73,20,5.82,US,1604513172
315,krasnogorodsk,56.84,28.28,45.86,89,98,9.1,RU,1604513172
316,luanda,-8.84,13.23,78.8,78,40,9.17,AO,1604513066
317,vila franca do campo,37.72,-25.43,59.0,77,40,11.41,PT,1604513172
318,taltal,-25.4,-70.48,63.97,61,57,7.74,CL,1604513172
319,naples park,26.26,-81.81,84.2,45,20,18.34,US,1604513172
320,ayaviri,-14.89,-70.59,61.72,30,38,6.89,PE,1604513172
321,umkomaas,-30.21,30.8,73.99,92,100,5.97,ZA,1604513172
322,bonoua,5.27,-3.6,84.2,79,40,8.05,CI,1604513172
323,mezen,65.85,44.24,38.77,86,87,8.9,RU,1604513173
324,thessalon,46.25,-83.57,59.0,54,1,6.93,CA,1604513173
325,douentza,15.0,-2.95,89.33,17,36,5.46,ML,1604513173
326,salur,18.53,83.22,74.53,82,95,2.44,IN,1604513173
327,kalmunai,7.42,81.82,79.63,77,93,1.79,LK,1604513173
328,rivadavia,-33.19,-68.46,89.6,17,0,9.17,AR,1604513174
329,imbituba,-28.24,-48.67,68.0,64,40,19.46,BR,1604513174
330,bonthe,7.53,-12.51,81.01,81,56,6.89,SL,1604513174
331,likasi,-10.98,26.73,68.43,78,76,8.63,CD,1604513174
332,san quintin,30.48,-115.95,74.86,50,37,8.08,MX,1604513174
333,lago da pedra,-4.33,-45.17,87.73,60,83,3.83,BR,1604513174
334,chapais,49.78,-74.85,23.0,92,90,8.05,CA,1604512961
335,catabola,-12.15,17.28,67.46,67,52,3.15,AO,1604513174
336,tautira,-17.73,-149.15,80.6,78,40,14.99,PF,1604513174
337,abu kamal,34.45,40.92,72.81,42,100,7.56,SY,1604513174
338,talnakh,69.49,88.4,-0.4,84,0,6.71,RU,1604513174
339,camana,-16.62,-72.71,71.33,58,23,9.69,PE,1604513174
340,ponoka,52.68,-113.58,48.99,57,75,4.7,CA,1604513174
341,vadso,70.07,29.75,39.2,80,40,19.46,NO,1604513175
342,praia da vitoria,38.73,-27.07,60.8,67,75,16.82,PT,1604513175
343,kalulushi,-12.84,28.09,77.0,64,67,4.0,ZM,1604513176
344,nkhata bay,-11.61,34.29,78.76,53,14,1.45,MW,1604513176
345,surgut,61.25,73.42,35.6,100,40,15.66,RU,1604513176
346,adrar,20.5,-10.07,86.59,13,31,4.68,MR,1604513176
347,jagdalpur,19.07,82.03,67.48,88,5,3.31,IN,1604513176
348,bila tserkva,49.81,30.11,45.21,86,0,4.18,UA,1604513176
349,freeport,40.66,-73.58,62.01,51,1,12.75,US,1604513103
350,synya,65.37,58.04,37.98,96,99,8.16,RU,1604513176
351,rancho palos verdes,33.74,-118.39,73.99,60,5,3.71,US,1604513176
352,hargeysa,9.56,44.06,63.45,89,1,10.83,SO,1604513120
353,olinda,-8.01,-34.86,87.8,58,40,11.41,BR,1604513177
354,bubaque,11.28,-15.83,84.36,73,22,11.32,GW,1604513177
355,terrace,54.52,-128.6,37.4,100,75,4.7,CA,1604513116
356,cabo rojo,18.09,-67.15,87.01,68,86,7.0,PR,1604513177
357,oussouye,12.48,-16.55,89.6,66,20,4.7,SN,1604513177
358,asilah,35.47,-6.03,64.4,72,75,10.29,MA,1604513178
359,panaba,21.28,-88.27,80.55,79,99,20.11,MX,1604513178
360,awjilah,29.11,21.29,67.66,57,0,9.78,LY,1604513178
361,fortuna,40.6,-124.16,66.0,62,1,3.36,US,1604513178
362,najran,17.49,44.13,69.8,19,0,4.7,SA,1604513178
363,port hardy,50.7,-127.42,50.0,93,90,9.17,CA,1604513178
364,riyadh,24.69,46.72,75.2,27,0,3.36,SA,1604512928
365,dwarka,22.24,68.97,80.11,58,0,9.57,IN,1604513179
366,san rafael del sur,11.85,-86.44,78.8,78,75,11.41,NI,1604513179
367,richards bay,-28.78,32.04,74.26,84,66,11.36,ZA,1604513179
368,muhos,64.81,25.99,42.8,81,75,8.05,FI,1604513179
369,muzhi,65.37,64.67,37.67,93,95,16.15,RU,1604513179
370,bhubaneswar,20.23,85.83,73.4,78,0,2.3,IN,1604513179
371,belmonte,-15.86,-38.88,71.6,88,90,5.82,BR,1604513179
372,bollnas,61.35,16.39,40.17,74,24,8.79,SE,1604513179
373,caarapo,-22.63,-54.82,87.03,27,0,6.13,BR,1604513038
374,linares,-35.85,-71.6,74.77,50,99,8.99,CL,1604513120
375,bonfim,3.08,-59.95,94.17,43,88,4.29,BR,1604513179
376,maputo,-25.97,32.59,82.4,65,75,14.99,MZ,1604513178
377,nicoya,10.15,-85.45,78.8,88,75,10.29,CR,1604513100
378,balkhash,46.84,74.98,33.03,81,8,7.49,KZ,1604513179
379,galveston,29.37,-94.97,77.0,50,1,6.93,US,1604513180
380,husavik,66.04,-17.34,48.2,70,75,25.28,IS,1604513180
381,bardiyah,31.76,25.09,69.66,73,29,15.93,LY,1604513181
382,borgarnes,64.54,-21.92,46.4,70,75,23.04,IS,1604513181
383,abnub,27.27,31.15,73.4,43,0,11.41,EG,1604513181
384,nanakuli,21.39,-158.15,77.0,83,40,3.36,US,1604513182
385,hailey,43.52,-114.32,59.0,31,20,11.41,US,1604513043
386,westport,41.14,-73.36,61.0,56,0,11.54,US,1604513182
387,savannah bight,16.45,-85.85,78.8,94,90,6.93,HN,1604513182
388,oneonta,42.45,-75.06,57.99,42,0,7.0,US,1604513182
389,conde,-7.26,-34.91,86.0,62,40,12.75,BR,1604513003
390,gazojak,41.19,61.4,49.84,47,0,14.36,TM,1604513183
391,kedrovyy,56.17,91.82,26.6,79,40,13.42,RU,1604513183
392,koulikoro,14.0,-7.75,84.38,23,0,4.14,ML,1604513184
393,ventspils,57.39,21.56,50.0,81,90,17.22,LV,1604513184
394,lanivtsi,49.86,26.09,44.76,85,59,6.15,UA,1604512937
395,antofagasta,-23.65,-70.4,66.0,63,20,18.34,CL,1604513139
396,jalu,29.03,21.55,67.39,56,0,8.97,LY,1604513184
397,marsa matruh,31.35,27.25,69.8,64,40,11.41,EG,1604513184
398,marsh harbour,26.54,-77.06,77.29,70,51,25.03,BS,1604513114
399,juneau,58.3,-134.42,33.8,100,90,5.44,US,1604513061
400,rosendal,59.99,6.01,45.0,87,97,1.99,NO,1604513185
401,yanam,16.73,82.22,78.98,81,67,4.21,IN,1604513185
402,kortkeros,61.81,51.58,42.8,100,75,6.71,RU,1604513185
403,pascagoula,30.37,-88.56,73.4,27,1,5.82,US,1604513185
404,indore,22.72,75.83,66.69,32,0,3.31,IN,1604513185
405,kampene,-3.6,26.67,71.1,94,94,0.25,CD,1604513185
406,matadi,-5.82,13.45,82.81,72,54,3.42,CD,1604513185
407,xique-xique,-10.82,-42.73,73.96,85,100,12.08,BR,1604513185
408,dire,12.28,-10.97,87.84,39,70,2.19,ML,1604513185
409,walvis bay,-22.96,14.51,61.0,87,36,14.0,NA,1604513185
410,hibbing,47.43,-92.94,59.0,43,1,3.36,US,1604513161
411,aswan,24.09,32.91,73.04,28,0,10.89,EG,1604513185
412,moroni,-11.7,43.26,76.33,74,35,2.46,KM,1604513185
413,machali,-34.18,-70.67,73.4,46,0,8.37,CL,1604513185
414,calama,-22.47,-68.93,73.4,11,0,20.8,CL,1604513186
415,nola,40.92,14.53,61.0,77,0,2.24,IT,1604513098
416,saldanha,-33.01,17.94,66.2,72,24,5.82,ZA,1604513186
417,sterling,39.01,-77.43,66.99,39,1,14.99,US,1604513186
418,kattivakkam,13.22,80.32,82.4,94,75,3.36,IN,1604513186
419,guadalajara,20.67,-103.33,70.0,42,5,9.17,MX,1604513166
420,barra,-11.09,-43.14,76.8,80,96,12.82,BR,1604513186
421,pincher creek,49.48,-113.95,57.2,71,34,31.09,CA,1604513045
422,gillette,44.29,-105.5,64.99,29,1,11.41,US,1604513186
423,san jose,37.34,-121.89,66.99,87,40,3.36,US,1604513027
424,kilindoni,-7.91,39.67,78.66,80,23,14.07,TZ,1604513186
425,mortka,59.33,66.02,35.04,88,13,11.92,RU,1604513186
426,burla,21.5,83.87,71.62,63,0,0.98,IN,1604513186
427,olkhovatka,50.28,39.29,48.63,86,57,6.31,RU,1604513186
428,valkeakoski,61.26,24.03,43.0,93,40,10.29,FI,1604513186
429,yenagoa,4.92,6.26,77.32,91,96,4.47,NG,1604513186
430,cabedelo,-6.98,-34.83,86.0,62,40,12.75,BR,1604513187
431,makushino,55.21,67.24,35.01,87,24,15.39,RU,1604513187
432,smithers,54.78,-127.17,33.8,100,75,9.17,CA,1604513187
433,trussville,33.62,-86.61,71.01,32,1,3.62,US,1604513187
434,tabat,-2.63,115.23,75.18,95,80,0.81,ID,1604513187
435,urumqi,43.8,87.6,42.8,52,75,4.47,CN,1604513043
436,goderich,43.75,-81.72,59.0,54,9,14.99,CA,1604513128
437,caranavi,-15.82,-67.55,89.11,29,44,3.71,BO,1604513187
438,tahoua,14.89,5.27,93.2,14,0,6.93,NE,1604513187
439,cusuna,15.85,-85.23,78.31,91,100,12.57,HN,1604513187
440,great yarmouth,52.61,1.73,41.0,95,0,7.36,GB,1604513187
441,the valley,18.22,-63.06,86.0,66,40,18.34,AI,1604513187
442,redmond,47.67,-122.12,61.0,95,100,9.28,US,1604513187
443,mehamn,71.04,27.85,35.6,80,0,11.41,NO,1604513187
444,hualmay,-11.1,-77.61,69.35,66,6,10.63,PE,1604513188
445,richmond,37.55,-77.46,69.01,36,1,11.41,US,1604513037
446,joshimath,30.57,79.57,45.75,51,13,3.18,IN,1604513188
447,marienburg,54.04,19.03,46.99,100,23,8.32,PL,1604513188
448,progreso,21.28,-89.67,82.99,69,90,8.05,MX,1604512934
449,biltine,14.53,20.92,85.68,18,0,9.98,TD,1604513188
450,ammon,43.47,-111.97,59.0,52,1,5.82,US,1604513188
451,egvekinot,66.32,-179.17,14.59,97,100,5.12,RU,1604513188
452,tucumcari,35.17,-103.72,69.8,30,1,9.17,US,1604513188
453,salar,37.15,-4.02,60.8,67,75,4.7,ES,1604513189
454,gap,44.67,6.0,48.99,79,63,3.11,FR,1604513190
455,washougal,45.58,-122.35,66.0,82,90,5.82,US,1604512950
456,ubinskoye,55.31,79.68,34.07,87,100,22.26,RU,1604513190
457,hit,33.64,42.83,76.03,24,85,5.84,IQ,1604513190
458,corrientes,-27.48,-58.83,87.01,23,0,14.99,AR,1604513093
459,lamu,-2.27,40.9,80.6,74,1,6.93,KE,1604512996
460,lacombe,52.47,-113.74,48.2,57,75,4.7,CA,1604513190
461,andros town,24.7,-77.77,82.4,65,75,19.46,BS,1604513190
462,havelock,34.88,-76.9,71.01,42,1,4.7,US,1604513191
463,calatayud,41.35,-1.64,50.0,93,90,13.87,ES,1604513191
464,hun,29.13,15.95,68.14,35,84,5.5,LY,1604513191
465,khanpur,28.65,70.66,71.44,20,0,6.87,PK,1604513191
466,medicine hat,50.05,-110.67,62.01,51,75,18.34,CA,1604513191
467,vylkove,45.4,29.59,53.8,75,3,11.43,UA,1604513191
468,arcos,-20.28,-45.54,79.97,41,45,3.94,BR,1604513191
469,komotini,41.12,25.4,55.4,71,20,3.36,GR,1604513191
470,george town,5.41,100.34,80.6,88,40,4.7,MY,1604513191
471,vaitape,-16.52,-151.75,80.06,78,100,15.19,PF,1604513191
472,neuquen,-38.95,-68.06,84.2,30,0,6.93,AR,1604513191
473,paracuru,-3.41,-39.03,82.0,74,71,21.0,BR,1604513191
474,bay roberts,47.6,-53.26,28.99,68,75,26.4,CA,1604513191
475,ugoofaaru,5.67,73.0,82.54,66,46,4.23,MV,1604513192
476,tiarei,-17.53,-149.33,80.6,78,40,14.99,PF,1604513192
477,mbandaka,0.05,18.26,75.33,91,100,2.44,CD,1604513192
478,cayenne,4.93,-52.33,78.8,100,100,3.36,GF,1604513192
479,lejanias,3.53,-74.02,78.19,76,61,3.47,CO,1604513192
480,granard,53.77,-7.5,39.27,92,31,4.76,IE,1604513192
481,galle,6.04,80.22,80.26,82,100,5.21,LK,1604513192
482,shelabolikha,53.41,82.62,28.4,74,75,24.61,RU,1604513192
483,leshukonskoye,64.9,45.76,39.65,83,100,7.61,RU,1604513192
484,sitrah,26.15,50.62,78.8,61,0,4.7,BH,1604513192
485,piet retief,-27.01,30.81,66.18,70,100,3.74,ZA,1604513192
486,gayny,60.31,54.32,37.13,95,100,7.31,RU,1604513192
487,umm lajj,25.02,37.27,76.77,59,0,12.35,SA,1604513193
488,pombia,45.65,8.63,59.0,87,75,4.7,IT,1604513193
489,esna,25.29,32.55,82.4,34,0,5.82,EG,1604513193
490,santa isabel do rio negro,-0.41,-65.02,82.83,89,74,2.77,BR,1604513193
491,stokmarknes,68.56,14.91,44.6,87,75,17.22,NO,1604513193
492,college,64.86,-147.8,-27.4,67,40,1.34,US,1604513193
493,marzuq,14.4,46.47,62.98,29,0,1.63,YE,1604513193
494,nuuk,64.18,-51.72,28.4,100,90,25.28,GL,1604513193
495,mweka,-4.85,21.57,72.01,96,77,2.26,CD,1604513193
496,comodoro rivadavia,-45.87,-67.5,73.4,23,75,21.92,AR,1604513194
497,karachi,24.91,67.08,75.2,73,0,9.17,PK,1604513016
498,tucupita,9.06,-62.05,80.6,91,94,5.35,VE,1604513194
